"","Date","Year","Month","Day_num","Day","DayNight","ParkID","game_result","opponent","home_away","bal_runs","bal_BA","bal_AB","bal_H","bal_doubles","bal_triples","bal_HR","bal_RBI","bal_sac_hits","bal_sac_fly","bal_HBP","bal_BB","bal_IBB","bal_hitters_K","bal_SB","bal_CS","bal_GDP","bal_LOB","bal_num_pitchers","bal_team_ER","bal_WP","bal_balks","bal_assists","bal_errors","bal_pass_balls","bal_double_play","bal_triple_play","opp_runs","opp_BA","opp_AB","opp_H","opp_doubles","opp_triples","opp_HR","opp_RBI","opp_sac_hits","opp_sac_fly","opp_HBP","opp_BB","opp_IBB","opp_hitters_K","opp_SB","opp_CS","opp_GDP","opp_LOB","opp_num_pitchers","opp_team_ER","opp_WP","opp_balks","opp_assists","opp_errors","opp_pass_balls","opp_douple_play","opp_triple_play","city","bird_season","lat","long","range_flag"
"1",20160601,"2016","06","01","Wed","N","BAL12","Win","BOS","Home",13,0.378,37,14,4,0,0,12,0,2,0,9,0,4,0,0,0,11,5,9,1,0,12,1,0,1,0,9,0.375,40,15,2,0,5,9,0,0,0,5,0,6,0,0,1,9,4,12,1,0,8,1,0,0,0,"Baltimore","Breeding",39.2908816,-76.610759,"In Range"
"2",20160602,"2016","06","02","Thu","N","BAL12","Win","BOS","Home",12,0.314,35,11,0,0,7,12,0,0,1,2,0,4,1,0,0,2,4,7,0,0,8,1,0,0,0,7,0.316,38,12,1,0,1,7,0,0,0,2,0,6,0,1,0,6,4,12,0,0,9,0,0,0,0,"Baltimore","Breeding",39.2908816,-76.610759,"In Range"
"3",20160603,"2016","06","03","Fri","N","BAL12","Win","NYA","Home",6,0.324,34,11,2,0,1,6,0,0,0,1,0,8,0,0,1,5,4,5,0,0,15,1,0,2,0,5,0.294,34,10,1,0,3,5,0,0,0,2,0,5,0,1,2,4,4,6,0,0,7,0,0,1,0,"Baltimore","Breeding",39.2908816,-76.610759,"In Range"
"4",20160604,"2016","06","04","Sat","N","BAL12","Loss","NYA","Home",6,0.229,35,8,1,0,3,6,0,0,0,3,0,9,0,0,0,5,4,8,0,0,13,0,0,1,0,8,0.39,41,16,4,0,0,7,0,1,0,0,0,5,2,0,1,7,4,6,1,0,6,0,1,0,0,"Baltimore","Breeding",39.2908816,-76.610759,"In Range"
"5",20160605,"2016","06","05","Sun","D","BAL12","Win","NYA","Home",3,0.207,29,6,0,0,0,2,0,0,1,7,0,12,0,0,1,10,3,1,1,0,13,1,1,2,0,1,0.278,36,10,2,0,0,1,0,0,0,2,0,8,0,0,2,10,4,2,0,0,8,1,0,1,0,"Baltimore","Breeding",39.2908816,-76.610759,"In Range"
"6",20160606,"2016","06","06","Mon","N","BAL12","Win","KCA","Home",4,0.241,29,7,1,0,3,4,1,0,1,2,0,11,0,0,1,5,3,0,0,0,10,1,0,1,0,1,0.161,31,5,1,0,0,0,0,0,0,2,0,7,0,0,1,5,3,3,0,0,8,1,0,1,0,"Baltimore","Breeding",39.2908816,-76.610759,"In Range"
"7",20160607,"2016","06","07","Tue","N","BAL12","Win","KCA","Home",9,0.314,35,11,2,0,4,9,0,0,1,2,0,6,0,0,0,5,3,1,0,0,8,1,0,0,0,1,0.27,37,10,2,0,0,1,0,0,0,4,0,8,1,1,0,13,3,9,0,0,8,0,0,0,0,"Baltimore","Breeding",39.2908816,-76.610759,"In Range"
"8",20160608,"2016","06","08","Wed","N","BAL12","Win","KCA","Home",4,0.148,27,4,2,0,0,4,0,1,0,4,0,8,1,0,0,4,2,0,0,0,9,0,0,1,0,0,0.257,35,9,1,0,0,0,0,0,0,1,0,12,0,0,0,9,4,4,0,0,11,0,0,0,0,"Baltimore","Breeding",39.2908816,-76.610759,"In Range"
"9",20160609,"2016","06","09","Thu","N","TOR02","Win","TOR","Away",6,0.314,35,11,4,0,2,6,0,2,1,3,0,5,0,0,0,8,3,5,1,0,8,0,0,1,0,5,0.242,33,8,3,1,0,5,0,1,1,4,0,6,0,0,1,7,6,6,1,0,13,0,0,0,0,"Toronto","Breeding",43.6534817,-79.3839347,"In Range"
"10",20160610,"2016","06","10","Fri","N","TOR02","Loss","TOR","Away",3,0.118,34,4,0,0,2,3,0,0,0,5,0,10,0,0,0,6,3,3,0,0,13,1,0,1,0,4,0.294,34,10,1,0,2,4,2,0,0,3,0,7,1,0,1,8,4,3,0,0,11,0,0,0,0,"Toronto","Breeding",43.6534817,-79.3839347,"In Range"
"11",20160611,"2016","06","11","Sat","D","TOR02","Loss","TOR","Away",6,0.333,36,12,3,0,3,6,0,1,0,2,0,8,0,0,3,6,3,11,0,0,7,0,0,3,0,11,0.433,30,13,2,1,3,11,0,4,1,8,0,3,0,1,2,8,4,6,0,0,12,2,1,3,0,"Toronto","Breeding",43.6534817,-79.3839347,"In Range"
"12",20160612,"2016","06","12","Sun","D","TOR02","Loss","TOR","Away",9,0.342,38,13,1,0,5,9,0,1,0,5,0,15,1,0,1,8,6,10,0,0,8,1,0,0,0,10,0.368,38,14,7,0,2,9,0,0,0,5,1,10,1,0,0,9,4,9,0,0,6,0,0,1,0,"Toronto","Breeding",43.6534817,-79.3839347,"In Range"
"13",20160614,"2016","06","14","Tue","N","BOS07","Win","BOS","Away",3,0.156,32,5,0,0,2,3,0,0,0,0,0,13,0,0,0,2,3,2,0,0,7,0,0,1,0,2,0.212,33,7,3,0,1,2,0,0,0,3,0,11,0,0,1,7,2,3,0,0,10,0,0,0,0,"Boston","Breeding",42.3554334,-71.060511,"In Range"
"14",20160615,"2016","06","15","Wed","N","BOS07","Loss","BOS","Away",4,0.229,35,8,1,0,1,4,0,0,2,1,0,5,0,1,0,7,4,6,1,0,12,0,0,2,0,6,0.371,35,13,1,0,1,6,0,0,0,4,0,4,0,0,2,9,3,4,0,0,11,1,1,0,0,"Boston","Breeding",42.3554334,-71.060511,"In Range"
"15",20160616,"2016","06","16","Thu","N","BOS07","Win","BOS","Away",5,0.297,37,11,4,0,1,5,0,0,0,3,0,10,1,0,0,8,2,1,1,0,8,0,0,0,0,1,0.129,31,4,1,0,1,1,0,0,0,1,0,6,0,0,0,4,3,5,0,0,6,0,0,1,0,"Boston","Breeding",42.3554334,-71.060511,"In Range"
"16",20160617,"2016","06","17","Fri","N","BAL12","Loss","TOR","Home",3,0.206,34,7,1,0,1,3,0,0,0,2,0,10,0,0,0,6,4,13,0,0,11,0,0,2,0,13,0.342,38,13,1,1,5,13,0,0,1,4,0,8,0,0,2,3,4,2,0,0,11,1,0,1,0,"Baltimore","Breeding",39.2908816,-76.610759,"In Range"
"17",20160618,"2016","06","18","Sat","D","BAL12","Win","TOR","Home",4,0.29,31,9,3,0,1,2,0,0,0,3,0,4,0,0,1,6,4,2,0,0,13,1,0,2,0,2,0.226,31,7,2,0,1,2,1,0,0,6,0,9,0,0,2,9,3,3,0,0,10,0,1,2,0,"Baltimore","Breeding",39.2908816,-76.610759,"In Range"
"18",20160619,"2016","06","19","Sun","D","BAL12","Win","TOR","Home",11,0.463,41,19,5,0,2,11,0,0,0,1,1,8,0,0,1,7,4,5,0,0,14,1,0,0,0,6,0.2,35,7,4,0,2,5,0,0,0,1,0,8,0,0,0,3,6,11,2,0,9,0,0,1,0,"Baltimore","Breeding",39.2908816,-76.610759,"In Range"
"19",20160620,"2016","06","20","Mon","N","ARL02","Loss","TEX","Away",3,0.385,39,15,2,0,0,3,0,0,1,2,0,7,0,1,2,12,2,4,2,0,4,0,0,1,0,4,0.29,31,9,0,0,1,4,0,1,1,1,0,8,1,0,1,6,4,3,0,0,8,0,0,2,0,"Dallas","Breeding",32.7762719,-96.7968559,"In Range"
"20",20160621,"2016","06","21","Tue","N","BAL12","Loss","SDN","Home",7,0.263,38,10,2,0,2,7,0,0,0,5,0,14,0,0,0,9,5,7,1,0,13,2,0,1,0,10,0.366,41,15,3,0,1,8,1,0,2,5,0,7,2,0,1,12,5,7,2,0,7,1,0,0,0,"Baltimore","Breeding",39.2908816,-76.610759,"In Range"
"21",20160622,"2016","06","22","Wed","N","BAL12","Win","SDN","Home",7,0.333,33,11,2,0,2,7,0,1,1,1,0,4,0,0,2,5,3,2,0,0,6,0,0,0,0,2,0.156,32,5,0,0,0,2,0,0,0,5,0,11,2,0,0,8,4,6,0,0,10,1,0,2,0,"Baltimore","Breeding",39.2908816,-76.610759,"In Range"
"22",20160624,"2016","06","24","Fri","N","BAL12","Win","TBA","Home",6,0.25,32,8,1,0,2,5,0,0,0,1,0,7,0,0,0,3,5,3,0,0,11,0,0,2,0,3,0.281,32,9,3,0,1,3,0,0,0,3,0,6,0,1,1,5,2,6,0,0,7,1,1,0,0,"Baltimore","Breeding",39.2908816,-76.610759,"In Range"
"23",20160625,"2016","06","25","Sat","D","BAL12","Win","TBA","Home",5,0.324,34,11,2,0,0,5,0,0,0,5,1,10,0,0,1,10,2,0,0,0,11,1,0,1,0,0,0.129,31,4,0,0,0,0,0,0,0,2,0,8,0,0,1,6,3,5,0,0,8,0,0,1,0,"Baltimore","Breeding",39.2908816,-76.610759,"In Range"
"24",20160625,"2016","06","25","Sat","N","BAL12","Win","TBA","Home",8,0.4,35,14,3,0,4,8,0,0,0,1,0,2,0,0,3,4,4,6,0,0,12,0,0,3,0,6,0.389,36,14,5,0,1,6,1,1,0,5,1,5,1,0,3,10,4,8,0,0,11,1,0,3,0,"Baltimore","Breeding",39.2908816,-76.610759,"In Range"
"25",20160626,"2016","06","26","Sun","D","BAL12","Win","TBA","Home",12,0.447,38,17,4,0,3,11,1,0,0,3,0,9,0,0,2,6,3,5,0,0,8,0,0,2,0,5,0.324,37,12,2,1,2,5,0,0,1,2,0,6,0,0,2,8,3,12,2,0,9,0,0,2,0,"Baltimore","Breeding",39.2908816,-76.610759,"In Range"
"26",20160628,"2016","06","28","Tue","N","SAN02","Win","SDN","Away",11,0.405,42,17,4,0,3,11,0,1,0,3,0,7,0,0,1,8,4,7,0,0,12,1,0,0,0,7,0.235,34,8,3,0,2,7,0,0,1,6,0,9,2,0,0,7,4,11,2,0,12,1,0,2,0,"San Diego","Breeding",32.7174202,-117.1627728,"Out of Range"
"27",20160629,"2016","06","29","Wed","D","SAN02","Win","SDN","Away",12,0.3,40,12,4,0,1,10,0,0,0,5,2,10,0,0,0,6,5,6,1,0,6,0,0,1,0,6,0.235,34,8,4,0,1,6,0,0,0,5,0,8,0,0,1,6,5,10,1,0,7,1,0,0,0,"San Diego","Breeding",32.7174202,-117.1627728,"Out of Range"
"28",20160630,"2016","06","30","Thu","N","SEA03","Loss","SEA","Away",3,0.235,34,8,0,0,1,3,0,0,0,1,0,11,0,0,0,5,3,4,1,0,6,1,0,0,0,5,0.281,32,9,2,0,1,5,1,0,1,4,2,7,0,0,0,9,4,3,0,0,7,0,0,0,0,"Seattle","Breeding",47.6038321,-122.330062,"Out of Range"
"29",20160701,"2016","07","01","Fri","N","SEA03","Loss","SEA","Away",2,0.152,33,5,1,0,1,2,0,0,0,1,0,11,0,0,0,5,3,5,0,0,4,0,0,0,0,5,0.294,34,10,2,0,3,5,0,0,0,2,0,10,0,0,0,7,4,2,0,0,9,1,0,0,0,"Seattle","Breeding",47.6038321,-122.330062,"Out of Range"
"30",20160702,"2016","07","02","Sat","N","SEA03","Loss","SEA","Away",6,0.316,38,12,2,0,1,6,0,0,0,2,0,4,0,0,1,7,4,12,0,0,9,0,0,0,0,12,0.41,39,16,4,0,5,12,0,0,0,7,0,5,1,0,0,10,3,5,0,0,11,1,0,1,0,"Seattle","Breeding",47.6038321,-122.330062,"Out of Range"
"31",20160703,"2016","07","03","Sun","D","SEA03","Loss","SEA","Away",4,0.308,39,12,3,0,1,4,0,0,0,1,0,6,0,0,0,9,4,9,0,1,7,1,0,0,0,9,0.286,35,10,5,0,1,8,0,0,0,3,0,8,0,0,0,5,4,4,1,0,8,1,0,0,0,"Seattle","Breeding",47.6038321,-122.330062,"Out of Range"
"32",20160704,"2016","07","04","Mon","N","LOS03","Loss","LAN","Away",5,0.235,34,8,2,0,0,5,1,0,0,2,0,8,0,0,0,5,4,7,2,1,11,0,0,0,0,7,0.29,31,9,1,1,2,7,0,1,0,6,0,7,0,0,0,7,6,5,0,0,5,0,0,0,0,"Los Angeles","Breeding",34.0536909,-118.242766,"Out of Range"
"33",20160705,"2016","07","05","Tue","N","LOS03","Win","LAN","Away",4,0.265,34,9,2,0,1,4,1,0,1,3,1,11,0,0,1,8,3,1,0,0,11,0,0,0,0,1,0.194,31,6,1,0,0,1,1,0,0,2,0,7,0,1,0,6,5,4,2,0,8,1,1,1,0,"Los Angeles","Breeding",34.0536909,-118.242766,"Out of Range"
"34",20160706,"2016","07","06","Wed","D","LOS03","Win","LAN","Away",6,0.245,53,13,3,0,2,5,0,0,1,7,1,18,0,0,1,13,7,4,1,0,18,0,0,3,0,4,0.291,55,16,6,0,1,4,0,0,0,7,3,18,0,0,3,16,9,6,1,0,11,0,0,1,0,"Los Angeles","Breeding",34.0536909,-118.242766,"Out of Range"
"35",20160708,"2016","07","08","Fri","N","BAL12","Loss","ANA","Home",5,0.243,37,9,0,0,3,5,0,0,1,4,0,7,0,0,0,10,4,7,1,0,9,2,0,2,0,9,0.286,35,10,0,0,0,9,0,2,3,4,0,3,0,0,2,8,4,5,0,0,8,2,0,0,0,"Baltimore","Breeding",39.2908816,-76.610759,"In Range"
"36",20160709,"2016","07","09","Sat","D","BAL12","Win","ANA","Home",3,0.323,31,10,1,0,1,2,1,0,0,2,0,9,0,1,1,7,4,2,2,0,16,0,0,2,0,2,0.258,31,8,0,0,0,2,0,0,0,5,0,4,0,2,1,7,4,3,1,1,7,0,0,2,0,"Baltimore","Breeding",39.2908816,-76.610759,"In Range"
"37",20160710,"2016","07","10","Sun","D","BAL12","Win","ANA","Home",4,0.364,33,12,2,0,2,4,1,0,0,5,0,7,0,0,1,11,3,1,0,0,6,1,0,1,0,2,0.167,30,5,2,0,0,2,0,1,0,6,0,6,0,0,1,8,5,4,1,0,11,1,0,1,0,"Baltimore","Breeding",39.2908816,-76.610759,"In Range"
"38",20160715,"2016","07","15","Fri","N","STP01","Win","TBA","Away",4,0.206,34,7,2,0,2,4,0,0,0,1,0,6,0,0,0,4,5,3,1,0,8,0,0,1,0,3,0.265,34,9,1,1,0,3,0,0,0,7,1,7,0,0,0,11,3,4,0,0,5,0,0,0,0,"Tampa","Breeding",27.9477595,-82.458444,"Out of Range"
"39",20160716,"2016","07","16","Sat","N","STP01","Win","TBA","Away",2,0.212,33,7,1,0,1,2,0,0,0,2,1,2,0,0,1,6,3,1,0,0,8,0,0,0,0,1,0.133,30,4,1,1,0,1,0,0,0,3,0,6,0,1,0,5,4,2,0,0,10,0,0,1,0,"Tampa","Breeding",27.9477595,-82.458444,"Out of Range"
"40",20160717,"2016","07","17","Sun","D","STP01","Loss","TBA","Away",2,0.235,34,8,2,0,1,2,0,1,0,1,0,14,0,0,0,7,4,5,0,0,6,0,0,1,0,5,0.207,29,6,0,0,4,5,0,0,0,4,0,5,0,0,1,4,3,2,1,0,4,0,0,0,0,"Tampa","Breeding",27.9477595,-82.458444,"Out of Range"
"41",20160718,"2016","07","18","Mon","N","NYC21","Loss","NYA","Away",1,0.167,30,5,0,0,1,1,0,0,1,5,0,6,1,0,1,8,3,2,0,0,7,0,0,0,0,2,0.241,29,7,2,0,1,2,0,1,0,2,0,6,0,1,0,6,4,1,0,0,12,1,0,1,0,"Buffalo","Breeding",42.8867166,-78.8783922,"In Range"
"42",20160719,"2016","07","19","Tue","N","NYC21","Loss","NYA","Away",1,0.133,30,4,1,0,0,1,0,0,0,2,0,6,0,0,1,4,4,7,0,0,13,1,0,2,0,7,0.259,27,7,1,0,2,7,1,0,0,7,1,5,2,0,2,5,3,1,0,0,7,0,0,1,0,"Buffalo","Breeding",42.8867166,-78.8783922,"In Range"
"43",20160720,"2016","07","20","Wed","N","NYC21","Loss","NYA","Away",0,0.156,32,5,1,0,0,0,0,0,0,2,0,11,0,0,0,7,3,5,0,0,9,0,0,1,0,5,0.222,27,6,0,2,2,5,0,2,0,4,0,6,0,0,1,4,4,0,0,0,7,1,0,0,0,"Buffalo","Breeding",42.8867166,-78.8783922,"In Range"
"44",20160721,"2016","07","21","Thu","D","NYC21","Win","NYA","Away",4,0.25,36,9,1,0,0,4,1,0,0,1,0,3,0,0,0,7,3,1,0,0,11,0,0,2,0,1,0.167,30,5,1,0,0,1,0,0,0,2,0,8,0,0,2,4,2,4,0,1,16,1,0,0,0,"Buffalo","Breeding",42.8867166,-78.8783922,"In Range"
"45",20160722,"2016","07","22","Fri","N","BAL12","Win","CLE","Home",5,0.333,30,10,0,0,2,5,1,1,0,4,0,6,0,0,2,7,3,0,1,0,9,0,1,2,0,1,0.235,34,8,2,0,0,0,0,0,1,1,0,9,0,0,2,8,5,5,0,0,8,0,0,2,0,"Baltimore","Breeding",39.2908816,-76.610759,"In Range"
"46",20160723,"2016","07","23","Sat","N","BAL12","Win","CLE","Home",5,0.303,33,10,0,0,2,5,0,0,0,0,0,9,0,0,1,4,4,2,0,0,10,0,0,3,0,2,0.226,31,7,2,0,0,2,0,0,0,3,0,9,0,0,3,5,3,5,0,0,10,0,0,1,0,"Baltimore","Breeding",39.2908816,-76.610759,"In Range"
"47",20160724,"2016","07","24","Sun","D","BAL12","Win","CLE","Home",5,0.219,32,7,1,0,2,5,1,0,0,3,0,11,0,0,0,5,3,2,0,0,11,1,0,1,0,3,0.219,32,7,2,0,0,3,0,1,0,3,0,6,0,0,1,6,3,3,0,0,7,0,0,0,0,"Baltimore","Breeding",39.2908816,-76.610759,"In Range"
"48",20160725,"2016","07","25","Mon","N","BAL12","Win","COL","Home",3,0.171,35,6,2,0,0,2,0,0,1,3,0,4,0,0,2,8,4,2,2,0,7,0,0,2,0,2,0.182,33,6,0,0,1,2,0,0,1,2,0,11,0,2,1,4,5,1,0,0,10,3,0,2,0,"Baltimore","Breeding",39.2908816,-76.610759,"In Range"
"49",20160726,"2016","07","26","Tue","N","BAL12","Loss","COL","Home",3,0.161,31,5,1,0,1,2,0,0,0,4,0,6,0,0,1,5,2,6,1,0,9,0,0,1,0,6,0.257,35,9,2,0,0,5,0,0,0,0,0,7,0,0,1,2,5,3,1,0,12,0,0,1,0,"Baltimore","Breeding",39.2908816,-76.610759,"In Range"
"50",20160727,"2016","07","27","Wed","N","BAL12","Loss","COL","Home",1,0.194,31,6,1,0,1,1,0,0,1,2,0,6,0,0,1,6,4,3,1,0,6,0,0,0,0,3,0.156,32,5,0,0,2,3,0,0,0,3,0,11,1,0,0,5,4,1,0,0,7,0,0,1,0,"Baltimore","Breeding",39.2908816,-76.610759,"In Range"
"51",20160728,"2016","07","28","Thu","N","MIN04","Loss","MIN","Away",2,0.314,35,11,2,0,1,2,0,0,0,1,0,7,0,0,2,7,3,6,0,0,6,0,0,2,0,6,0.353,34,12,3,2,1,6,0,0,0,5,1,10,1,0,2,9,4,2,1,0,16,0,0,2,0,"Minneapolis","Breeding",44.9772995,-93.2654692,"In Range"
"52",20160729,"2016","07","29","Fri","N","TOR02","Loss","TOR","Away",5,0.206,34,7,3,0,1,4,0,0,0,3,0,9,0,0,1,5,3,6,2,0,9,1,0,0,0,6,0.233,30,7,1,0,3,6,1,0,0,4,0,7,0,0,0,5,4,4,0,0,13,2,0,1,0,"Toronto","Breeding",43.6534817,-79.3839347,"In Range"
"53",20160730,"2016","07","30","Sat","D","TOR02","Loss","TOR","Away",1,0.161,31,5,0,0,1,1,0,0,0,3,0,13,0,0,1,6,4,9,0,0,7,0,0,1,0,9,0.303,33,10,5,0,1,9,0,0,0,7,1,11,0,0,1,7,4,1,0,0,8,0,0,1,0,"Toronto","Breeding",43.6534817,-79.3839347,"In Range"
"54",20160731,"2016","07","31","Sun","D","TOR02","Win","TOR","Away",6,0.19,42,8,1,0,1,6,0,1,0,5,0,11,0,0,1,6,6,2,0,0,16,0,0,3,0,2,0.154,39,6,2,0,1,2,0,0,1,6,0,11,0,0,3,8,7,6,0,1,15,0,0,1,0,"Toronto","Breeding",43.6534817,-79.3839347,"In Range"
"55",20160404,"2016","04","04","Mon","D","BAL12","Win","MIN","Home",3,0.278,36,10,3,0,0,3,0,0,0,5,0,10,1,0,0,12,6,2,0,0,6,0,0,0,0,2,0.212,33,7,3,0,0,2,0,1,1,0,0,10,0,0,0,6,6,3,1,0,5,0,0,0,0,"Baltimore","Pre-breeding Migratory",39.2908816,-76.610759,"In Range"
"56",20160406,"2016","04","06","Wed","N","BAL12","Win","MIN","Home",4,0.29,31,9,3,0,1,4,0,1,0,6,1,6,0,0,1,10,5,2,1,0,4,0,0,0,0,2,0.167,30,5,3,0,1,2,1,1,0,6,0,13,0,0,0,9,4,4,0,0,13,0,0,1,0,"Baltimore","Pre-breeding Migratory",39.2908816,-76.610759,"In Range"
"57",20160407,"2016","04","07","Thu","N","BAL12","Win","MIN","Home",4,0.258,31,8,1,0,2,3,0,0,0,0,0,7,0,0,0,3,3,1,0,0,10,1,0,1,0,2,0.265,34,9,2,0,1,2,0,0,0,0,0,12,1,2,1,5,2,4,1,0,4,0,0,1,0,"Baltimore","Pre-breeding Migratory",39.2908816,-76.610759,"In Range"
"58",20160408,"2016","04","08","Fri","N","BAL12","Win","TBA","Home",6,0.312,32,10,0,0,4,6,0,0,0,2,0,6,0,0,2,4,3,1,1,0,16,0,0,2,0,1,0.167,30,5,1,0,1,1,0,0,0,3,0,7,0,0,2,5,3,6,1,0,10,0,0,2,0,"Baltimore","Pre-breeding Migratory",39.2908816,-76.610759,"In Range"
"59",20160410,"2016","04","10","Sun","D","BAL12","Win","TBA","Home",5,0.355,31,11,2,0,1,4,0,1,0,0,0,4,0,0,2,3,5,2,0,0,7,1,0,0,0,3,0.235,34,8,1,0,1,3,0,0,0,4,0,12,0,1,0,9,2,5,1,0,13,0,0,2,0,"Baltimore","Pre-breeding Migratory",39.2908816,-76.610759,"In Range"
"60",20160411,"2016","04","11","Mon","D","BOS07","Win","BOS","Away",9,0.257,35,9,3,0,2,9,0,0,1,4,0,15,0,0,0,4,5,7,1,0,8,2,0,2,0,7,0.306,36,11,2,0,1,7,0,1,0,4,1,8,2,0,2,7,5,9,3,0,5,0,0,1,0,"Boston","Pre-breeding Migratory",42.3554334,-71.060511,"In Range"
"61",20160412,"2016","04","12","Tue","N","BOS07","Win","BOS","Away",9,0.306,36,11,2,0,3,9,0,1,1,5,1,9,1,0,0,7,4,5,1,0,13,0,0,2,0,5,0.286,35,10,4,0,1,4,0,0,2,1,0,4,0,0,1,6,4,9,1,0,8,0,1,0,0,"Boston","Pre-breeding Migratory",42.3554334,-71.060511,"In Range"
"62",20160413,"2016","04","13","Wed","N","BOS07","Loss","BOS","Away",2,0.265,34,9,3,0,1,2,0,0,0,5,0,10,0,1,0,10,2,4,0,0,10,0,0,2,0,4,0.267,30,8,1,1,0,4,0,0,0,4,0,7,3,0,1,6,6,2,0,0,11,0,0,0,0,"Boston","Pre-breeding Migratory",42.3554334,-71.060511,"In Range"
"63",20160414,"2016","04","14","Thu","N","ARL02","Loss","TEX","Away",3,0.265,34,9,4,0,1,3,0,0,0,3,0,7,0,0,2,7,4,6,2,0,10,0,0,0,0,6,0.303,33,10,4,0,0,6,0,0,0,2,0,5,0,0,0,5,5,3,0,0,14,0,0,2,0,"Dallas","Pre-breeding Migratory",32.7762719,-96.7968559,"In Range"
"64",20160415,"2016","04","15","Fri","N","ARL02","Win","TEX","Away",11,0.351,37,13,2,0,5,11,0,0,0,3,0,6,0,0,3,2,4,4,1,0,8,1,0,1,0,5,0.194,31,6,0,0,1,5,0,1,1,2,0,11,0,0,0,3,4,10,0,0,13,1,0,3,0,"Dallas","Pre-breeding Migratory",32.7762719,-96.7968559,"In Range"
"65",20160416,"2016","04","16","Sat","N","ARL02","Loss","TEX","Away",4,0.27,37,10,1,0,3,4,0,0,0,3,0,12,0,0,0,9,4,7,0,0,11,1,0,2,0,8,0.412,34,14,4,0,0,8,0,1,0,4,1,4,0,1,2,7,4,4,0,0,5,0,0,0,0,"Dallas","Pre-breeding Migratory",32.7762719,-96.7968559,"In Range"
"66",20160419,"2016","04","19","Tue","N","BAL12","Loss","TOR","Home",3,0.212,33,7,1,0,2,3,0,0,0,2,0,4,0,0,1,5,3,4,0,0,9,1,0,1,0,4,0.242,33,8,3,0,0,4,0,0,0,6,0,5,1,0,1,8,3,3,0,0,11,0,0,1,0,"Baltimore","Pre-breeding Migratory",39.2908816,-76.610759,"In Range"
"67",20160420,"2016","04","20","Wed","N","BAL12","Win","TOR","Home",4,0.265,34,9,4,0,0,2,0,0,0,4,1,7,0,1,3,5,6,3,0,0,11,0,0,2,0,3,0.25,36,9,2,0,1,3,0,0,0,7,0,9,1,0,1,10,4,3,0,0,15,0,1,3,0,"Baltimore","Pre-breeding Migratory",39.2908816,-76.610759,"In Range"
"68",20160421,"2016","04","21","Thu","N","BAL12","Win","TOR","Home",3,0.312,32,10,2,0,0,3,0,1,1,6,0,12,1,0,1,13,4,2,1,0,11,0,0,1,0,2,0.133,30,4,3,0,0,2,0,0,1,4,0,9,0,0,0,6,3,2,0,0,7,0,1,1,0,"Baltimore","Pre-breeding Migratory",39.2908816,-76.610759,"In Range"
"69",20160422,"2016","04","22","Fri","N","KAN06","Loss","KCA","Away",2,0.156,32,5,1,0,1,2,0,0,0,1,0,12,1,0,0,4,3,4,0,0,15,0,0,0,0,4,0.258,31,8,3,0,1,4,0,0,0,1,0,2,0,1,0,4,4,2,0,0,7,0,0,0,0,"Kansas City","Pre-breeding Migratory",39.100105,-94.5781416,"In Range"
"70",20160423,"2016","04","23","Sat","N","KAN06","Win","KCA","Away",8,0.359,39,14,2,0,1,8,0,0,0,4,0,8,0,1,0,8,4,3,0,0,12,1,0,1,0,3,0.206,34,7,2,0,1,3,0,0,0,1,0,6,0,0,1,5,3,8,0,0,12,0,0,0,0,"Kansas City","Pre-breeding Migratory",39.100105,-94.5781416,"In Range"
"71",20160424,"2016","04","24","Sun","D","KAN06","Loss","KCA","Away",1,0.129,31,4,0,0,0,1,0,0,0,2,0,6,0,0,0,5,3,6,0,0,7,1,0,0,0,6,0.333,33,11,3,0,2,6,1,0,1,2,0,4,0,0,0,7,3,1,0,0,11,0,0,0,0,"Kansas City","Pre-breeding Migratory",39.100105,-94.5781416,"In Range"
"72",20160425,"2016","04","25","Mon","N","STP01","Loss","TBA","Away",0,0.156,32,5,2,0,0,0,0,0,0,0,0,11,0,0,0,5,3,2,0,0,8,0,0,1,0,2,0.179,28,5,2,0,0,2,0,0,2,4,0,9,0,0,1,8,5,0,0,0,8,0,0,0,0,"Tampa","Pre-breeding Migratory",27.9477595,-82.458444,"In Range"
"73",20160426,"2016","04","26","Tue","N","STP01","Loss","TBA","Away",1,0.281,32,9,2,0,0,1,0,0,0,1,0,3,0,0,3,5,3,3,1,0,8,0,0,0,0,3,0.233,30,7,4,0,1,3,0,1,0,4,2,8,2,0,0,8,5,1,0,0,12,0,0,3,0,"Tampa","Pre-breeding Migratory",27.9477595,-82.458444,"In Range"
"74",20160427,"2016","04","27","Wed","N","STP01","Win","TBA","Away",3,0.1,30,3,0,0,1,3,0,0,0,2,0,9,0,0,0,2,4,1,0,0,4,0,0,0,0,1,0.129,31,4,0,0,0,1,0,0,0,3,0,10,0,0,0,6,3,3,0,0,9,0,0,0,0,"Tampa","Pre-breeding Migratory",27.9477595,-82.458444,"In Range"
"75",20160428,"2016","04","28","Thu","N","BAL12","Win","CHA","Home",10,0.395,38,15,3,0,3,9,0,0,0,4,0,8,0,0,0,8,4,2,1,0,12,0,0,0,0,2,0.27,37,10,1,0,1,2,0,0,1,2,0,7,2,0,0,11,4,9,1,0,8,1,0,1,0,"Baltimore","Pre-breeding Migratory",39.2908816,-76.610759,"In Range"
"76",20160429,"2016","04","29","Fri","N","BAL12","Win","CHA","Home",6,0.258,31,8,1,0,1,5,0,0,0,3,0,7,0,0,1,4,4,3,0,0,9,0,0,2,0,3,0.194,31,6,1,1,1,3,0,0,1,2,0,10,0,0,1,4,2,4,0,0,13,2,0,1,0,"Baltimore","Pre-breeding Migratory",39.2908816,-76.610759,"In Range"
"77",20160430,"2016","04","30","Sat","N","BAL12","Loss","CHA","Home",7,0.359,39,14,4,0,2,7,0,0,1,3,1,6,0,0,2,9,6,7,0,0,11,2,0,2,0,8,0.27,37,10,1,0,2,7,0,0,0,4,0,8,1,0,2,6,6,5,1,0,12,2,0,2,0,"Baltimore","Pre-breeding Migratory",39.2908816,-76.610759,"In Range"
"78",20160501,"2016","05","01","Sun","D","BAL12","Loss","CHA","Home",1,0.235,34,8,0,0,0,1,0,0,0,6,0,11,0,0,1,12,3,7,1,0,13,0,0,1,0,7,0.351,37,13,3,0,1,7,0,1,2,6,0,8,0,0,1,12,5,1,1,0,9,0,0,1,0,"Baltimore","Pre-breeding Migratory",39.2908816,-76.610759,"In Range"
"79",20160503,"2016","05","03","Tue","N","BAL12","Win","NYA","Home",4,0.161,31,5,2,0,2,3,0,0,0,2,0,6,0,0,0,5,3,1,0,0,7,0,0,2,0,1,0.219,32,7,1,0,0,1,0,0,0,4,0,9,0,0,1,8,3,3,0,0,11,2,0,0,0,"Baltimore","Pre-breeding Migratory",39.2908816,-76.610759,"In Range"
"80",20160504,"2016","05","04","Wed","N","BAL12","Loss","NYA","Home",0,0.226,31,7,3,0,0,0,0,0,0,4,0,10,0,0,3,8,4,6,0,0,20,1,1,2,0,7,0.286,35,10,3,0,0,6,0,1,1,5,0,5,2,0,2,8,4,0,0,0,10,0,0,3,0,"Baltimore","Pre-breeding Migratory",39.2908816,-76.610759,"In Range"
"81",20160505,"2016","05","05","Thu","N","BAL12","Win","NYA","Home",1,0.219,32,7,0,0,0,1,0,1,0,2,0,8,0,0,1,6,3,0,1,0,10,0,0,1,0,0,0.125,32,4,1,0,0,0,0,0,0,1,0,8,1,0,1,3,4,1,0,0,12,0,0,2,0,"Baltimore","Pre-breeding Migratory",39.2908816,-76.610759,"In Range"
"82",20160507,"2016","05","07","Sat","D","BAL12","Loss","OAK","Home",4,0.2,35,7,2,0,0,4,0,0,1,4,0,8,0,0,0,9,4,7,0,0,7,0,1,2,0,8,0.385,39,15,2,0,1,7,0,1,0,5,0,6,0,0,2,10,5,4,0,0,6,1,0,0,0,"Baltimore","Pre-breeding Migratory",39.2908816,-76.610759,"In Range"
"83",20160507,"2016","05","07","Sat","N","BAL12","Win","OAK","Home",5,0.258,31,8,1,0,1,4,0,0,0,4,0,6,0,0,1,6,2,2,0,0,11,0,0,1,0,2,0.265,34,9,1,0,0,2,0,0,0,1,0,7,0,1,1,6,3,4,0,0,10,1,0,1,0,"Baltimore","Pre-breeding Migratory",39.2908816,-76.610759,"In Range"
"84",20160508,"2016","05","08","Sun","D","BAL12","Win","OAK","Home",11,0.343,35,12,0,1,6,11,0,0,1,5,1,8,0,0,1,6,3,3,1,0,6,1,0,1,0,3,0.212,33,7,1,0,0,3,0,0,1,4,0,9,0,1,0,8,5,11,1,0,9,0,0,1,0,"Baltimore","Pre-breeding Migratory",39.2908816,-76.610759,"In Range"
"85",20160510,"2016","05","10","Tue","N","MIN04","Win","MIN","Away",5,0.368,38,14,4,0,2,5,1,0,0,2,1,9,0,1,1,9,4,3,0,0,6,0,0,0,0,3,0.188,32,6,1,0,1,3,0,1,0,2,0,12,1,0,0,5,5,5,1,0,6,1,0,1,0,"Minneapolis","Pre-breeding Migratory",44.9772995,-93.2654692,"In Range"
"86",20160511,"2016","05","11","Wed","D","MIN04","Win","MIN","Away",9,0.39,41,16,3,0,4,9,0,0,0,2,0,9,0,0,2,7,3,2,0,0,6,0,0,1,0,2,0.235,34,8,1,0,1,2,0,0,0,2,0,3,1,0,1,7,4,9,0,0,7,0,0,2,0,"Minneapolis","Pre-breeding Migratory",44.9772995,-93.2654692,"In Range"
"87",20160512,"2016","05","12","Thu","N","BAL12","Win","DET","Home",7,0.333,36,12,1,1,0,7,0,0,0,3,0,5,0,0,0,8,4,4,0,0,16,1,0,1,0,5,0.333,39,13,2,0,1,5,0,0,0,5,0,4,0,0,1,12,6,7,0,0,8,0,0,0,0,"Baltimore","Pre-breeding Migratory",39.2908816,-76.610759,"In Range"
"88",20160513,"2016","05","13","Fri","N","BAL12","Win","DET","Home",1,0.154,26,4,0,0,1,1,0,0,1,2,0,8,0,1,1,4,3,0,0,0,13,0,0,1,0,0,0.194,31,6,2,0,0,0,0,0,0,2,0,8,0,0,1,6,1,1,0,0,10,0,0,1,0,"Baltimore","Pre-breeding Migratory",39.2908816,-76.610759,"In Range"
"89",20160514,"2016","05","14","Sat","N","BAL12","Win","DET","Home",9,0.314,35,11,2,0,4,9,0,0,0,3,0,5,0,0,1,5,2,3,0,0,8,0,0,1,0,3,0.161,31,5,2,0,1,3,0,0,1,3,0,9,0,0,1,5,4,9,0,1,9,1,0,1,0,"Baltimore","Pre-breeding Migratory",39.2908816,-76.610759,"In Range"
"90",20160515,"2016","05","15","Sun","D","BAL12","Loss","DET","Home",5,0.206,34,7,1,0,1,5,0,0,0,5,0,12,1,0,1,7,4,6,0,0,8,0,0,1,0,6,0.333,39,13,4,1,3,6,0,0,1,4,0,8,0,0,1,11,4,4,0,0,10,1,0,1,0,"Baltimore","Pre-breeding Migratory",39.2908816,-76.610759,"In Range"
"91",20160517,"2016","05","17","Tue","N","BAL12","Loss","SEA","Home",0,0.067,30,2,1,0,0,0,0,0,0,3,0,3,0,0,0,6,3,10,1,0,7,1,0,1,0,10,0.316,38,12,2,0,2,10,0,0,0,5,0,6,0,0,1,6,3,0,1,0,8,1,0,0,0,"Baltimore","Pre-breeding Migratory",39.2908816,-76.610759,"In Range"
"92",20160518,"2016","05","18","Wed","N","BAL12","Win","SEA","Home",5,0.258,31,8,2,0,2,4,0,1,1,3,0,4,0,0,1,7,3,2,1,0,8,0,0,0,0,2,0.212,33,7,4,0,1,2,0,1,0,4,0,10,0,0,0,9,3,4,1,0,9,1,0,1,0,"Baltimore","Pre-breeding Migratory",39.2908816,-76.610759,"In Range"
"93",20160519,"2016","05","19","Thu","D","BAL12","Loss","SEA","Home",2,0.188,32,6,2,0,0,2,0,0,0,2,0,10,0,0,1,5,2,7,0,0,4,1,0,0,0,7,0.265,34,9,2,0,2,7,0,0,0,3,1,5,0,2,0,3,5,2,0,0,7,0,0,1,0,"Baltimore","Pre-breeding Migratory",39.2908816,-76.610759,"In Range"
"94",20160520,"2016","05","20","Fri","N","ANA01","Win","ANA","Away",9,0.35,40,14,1,0,4,9,0,1,0,4,0,7,0,0,1,9,4,2,1,0,14,1,0,0,0,4,0.206,34,7,3,0,0,4,0,1,0,4,0,4,0,0,0,8,5,7,0,0,7,1,0,1,0,"Anaheim","Pre-breeding Migratory",33.8347516,-117.911732,"Out of Range"
"95",20160521,"2016","05","21","Sat","N","ANA01","Win","ANA","Away",3,0.152,33,5,1,0,1,3,0,0,0,1,0,13,0,0,0,4,4,1,2,0,12,0,0,1,0,1,0.257,35,9,1,0,0,1,0,0,0,4,0,7,0,0,1,11,3,3,0,0,8,0,1,0,0,"Anaheim","Pre-breeding Migratory",33.8347516,-117.911732,"Out of Range"
"96",20160522,"2016","05","22","Sun","D","ANA01","Loss","ANA","Away",2,0.161,31,5,0,0,1,2,0,0,0,1,0,8,1,1,0,3,3,10,1,0,11,1,0,1,0,10,0.351,37,13,3,0,1,10,0,0,0,3,0,3,1,0,1,6,3,2,0,0,5,0,0,0,0,"Anaheim","Pre-breeding Migratory",33.8347516,-117.911732,"Out of Range"
"97",20160524,"2016","05","24","Tue","N","HOU03","Loss","HOU","Away",2,0.17,47,8,2,0,2,2,0,0,0,5,1,19,1,0,1,11,5,3,2,0,6,0,0,1,0,3,0.186,43,8,1,1,1,3,0,0,0,5,2,11,0,0,1,9,7,2,0,0,12,1,0,1,0,"Houston","Pre-breeding Migratory",29.7589382,-95.3676974,"In Range"
"98",20160525,"2016","05","25","Wed","N","HOU03","Loss","HOU","Away",3,0.289,38,11,5,0,0,2,0,0,0,4,2,18,1,0,0,12,2,3,0,0,12,4,0,1,0,4,0.25,32,8,2,0,2,4,1,0,0,0,0,7,0,1,1,5,5,3,1,0,5,1,0,0,0,"Houston","Pre-breeding Migratory",29.7589382,-95.3676974,"In Range"
"99",20160526,"2016","05","26","Thu","N","HOU03","Loss","HOU","Away",2,0.152,33,5,0,0,1,2,0,0,0,6,0,15,0,0,0,10,4,4,0,0,8,1,0,0,0,4,0.194,31,6,1,0,3,4,0,0,0,2,0,13,0,0,0,5,4,2,0,0,7,1,1,0,0,"Houston","Pre-breeding Migratory",29.7589382,-95.3676974,"In Range"
"100",20160527,"2016","05","27","Fri","N","CLE08","Win","CLE","Away",6,0.342,38,13,3,0,1,6,0,0,1,2,0,6,0,0,1,8,5,4,0,0,9,0,0,2,0,4,0.303,33,10,4,0,2,4,0,1,0,4,1,8,0,1,2,7,4,6,0,0,10,0,0,1,0,"Cleveland","Pre-breeding Migratory",41.4996574,-81.6936772,"In Range"
"101",20160528,"2016","05","28","Sat","D","CLE08","Loss","CLE","Away",4,0.286,35,10,6,0,0,3,0,1,0,3,0,10,0,0,1,8,4,5,0,0,10,4,0,1,0,11,0.333,39,13,1,0,0,8,0,0,0,5,0,5,5,0,1,9,5,4,0,0,7,0,0,1,0,"Cleveland","Pre-breeding Migratory",41.4996574,-81.6936772,"In Range"
"102",20160529,"2016","05","29","Sun","D","CLE08","Win","CLE","Away",6,0.235,34,8,3,0,2,6,0,1,0,4,0,12,0,0,0,6,4,4,0,0,10,1,0,1,0,4,0.235,34,8,2,0,3,4,0,0,0,5,1,9,0,0,1,8,5,6,0,0,8,0,0,0,0,"Cleveland","Pre-breeding Migratory",41.4996574,-81.6936772,"In Range"
"103",20160530,"2016","05","30","Mon","D","BAL12","Loss","BOS","Home",2,0.138,29,4,1,1,0,2,0,1,0,5,0,7,0,0,1,6,3,7,0,0,11,0,0,0,0,7,0.297,37,11,2,1,3,7,0,0,0,5,0,6,0,1,0,8,1,2,2,0,11,0,1,1,0,"Baltimore","Pre-breeding Migratory",39.2908816,-76.610759,"In Range"
"104",20160531,"2016","05","31","Tue","N","BAL12","Loss","BOS","Home",2,0.206,34,7,3,0,0,2,0,0,0,0,0,9,0,0,0,5,3,6,0,0,9,1,0,0,0,6,0.27,37,10,1,0,4,6,0,0,0,2,0,10,0,0,0,6,4,2,0,0,5,0,1,0,0,"Baltimore","Pre-breeding Migratory",39.2908816,-76.610759,"In Range"
"105",20160802,"2016","08","02","Tue","N","BAL12","Win","TEX","Home",5,0.3,30,9,0,0,4,5,0,0,1,1,0,11,0,0,3,3,3,1,0,0,9,0,0,1,0,1,0.107,28,3,0,0,0,1,0,1,0,3,0,9,0,1,0,4,2,5,0,0,9,0,0,3,0,"Baltimore","Post-breeding Migratory",39.2908816,-76.610759,"In Range"
"106",20160803,"2016","08","03","Wed","N","BAL12","Win","TEX","Home",3,0.148,27,4,1,0,0,3,0,0,0,4,0,6,1,0,1,4,3,2,0,0,12,0,0,2,0,2,0.226,31,7,2,0,1,2,0,0,0,2,0,7,0,0,2,4,2,3,0,0,9,0,0,1,0,"Baltimore","Post-breeding Migratory",39.2908816,-76.610759,"In Range"
"107",20160804,"2016","08","04","Thu","N","BAL12","Loss","TEX","Home",3,0.273,33,9,0,0,3,3,0,0,1,0,0,7,0,0,3,4,4,5,0,0,12,0,0,0,0,5,0.289,38,11,6,0,1,5,0,0,0,0,0,10,0,0,0,6,5,3,0,0,10,0,0,3,0,"Baltimore","Post-breeding Migratory",39.2908816,-76.610759,"In Range"
"108",20160805,"2016","08","05","Fri","N","CHI12","Win","CHA","Away",7,0.39,41,16,2,0,2,6,0,1,0,0,0,4,0,0,1,8,5,5,2,0,13,4,0,2,0,5,0.27,37,10,2,0,1,4,0,0,0,4,0,7,1,1,1,9,5,6,0,0,10,1,0,1,0,"Chicago","Post-breeding Migratory",41.8755616,-87.6244212,"In Range"
"109",20160806,"2016","08","06","Sat","N","CHI12","Loss","CHA","Away",2,0.182,33,6,2,0,0,2,0,1,0,3,0,10,0,0,1,8,3,4,0,0,13,0,0,4,0,4,0.333,30,10,2,0,2,4,0,0,1,2,0,7,0,0,4,5,4,1,2,0,9,1,0,1,0,"Chicago","Post-breeding Migratory",41.8755616,-87.6244212,"In Range"
"110",20160807,"2016","08","07","Sun","D","CHI12","Win","CHA","Away",10,0.324,37,12,1,0,5,10,0,0,2,9,0,2,0,0,2,11,2,2,0,0,6,0,0,0,0,2,0.133,30,4,1,0,1,2,0,1,0,1,0,12,0,0,0,3,5,10,1,0,10,0,0,2,0,"Chicago","Post-breeding Migratory",41.8755616,-87.6244212,"In Range"
"111",20160808,"2016","08","08","Mon","N","OAK01","Loss","OAK","Away",2,0.212,33,7,0,0,1,2,0,1,0,0,0,7,0,0,0,5,3,3,1,0,3,0,0,0,0,3,0.226,31,7,2,0,1,3,0,0,0,3,0,7,0,0,0,7,3,2,0,0,13,0,0,0,0,"Oakland","Post-breeding Migratory",37.8044557,-122.271356,"Out of Range"
"112",20160809,"2016","08","09","Tue","N","OAK01","Loss","OAK","Away",1,0.103,29,3,1,0,1,1,0,0,0,2,0,6,0,0,1,3,2,2,0,0,12,0,0,1,0,2,0.222,27,6,1,0,0,2,1,1,0,5,0,4,0,0,1,8,4,1,0,0,13,0,0,1,0,"Oakland","Post-breeding Migratory",37.8044557,-122.271356,"Out of Range"
"113",20160810,"2016","08","10","Wed","N","OAK01","Loss","OAK","Away",0,0.212,33,7,1,0,0,0,0,0,0,0,0,3,0,0,0,6,3,1,0,0,2,0,0,0,0,1,0.143,28,4,2,0,0,1,0,0,0,3,0,9,0,0,0,6,2,0,2,0,15,0,0,0,0,"Oakland","Post-breeding Migratory",37.8044557,-122.271356,"Out of Range"
"114",20160811,"2016","08","11","Thu","D","OAK01","Win","OAK","Away",9,0.297,37,11,2,0,2,9,0,0,0,4,1,9,0,0,1,5,4,6,0,0,12,0,0,1,0,6,0.278,36,10,1,0,2,6,0,0,0,4,0,4,0,0,1,7,4,9,0,0,12,1,0,1,0,"Oakland","Post-breeding Migratory",37.8044557,-122.271356,"Out of Range"
"115",20160812,"2016","08","12","Fri","N","SFO03","Win","SFN","Away",5,0.278,36,10,3,0,2,5,0,0,0,3,0,11,0,0,2,7,5,2,1,0,11,0,0,1,0,2,0.161,31,5,2,0,0,2,0,0,0,2,0,7,0,0,1,4,3,5,0,0,14,1,0,2,0,"San Francisco","Post-breeding Migratory",37.7790262,-122.419906,"Out of Range"
"116",20160813,"2016","08","13","Sat","N","SFO03","Loss","SFN","Away",2,0.156,32,5,2,0,0,2,0,0,0,5,0,10,0,0,0,8,3,6,0,0,6,0,0,0,0,6,0.233,30,7,3,0,1,6,0,0,0,9,0,13,1,0,0,9,5,2,0,0,8,0,0,0,0,"San Francisco","Post-breeding Migratory",37.7790262,-122.419906,"Out of Range"
"117",20160814,"2016","08","14","Sun","D","SFO03","Win","SFN","Away",8,0.375,40,15,2,1,2,8,1,1,0,2,0,7,0,0,0,9,5,6,0,0,12,1,0,0,0,7,0.333,42,14,3,0,1,7,0,0,0,4,1,4,1,0,0,12,4,8,1,0,8,1,0,0,0,"San Francisco","Post-breeding Migratory",37.7790262,-122.419906,"Out of Range"
"118",20160816,"2016","08","16","Tue","N","BAL12","Loss","BOS","Home",3,0.133,30,4,0,0,0,3,0,0,1,5,0,13,0,0,1,6,4,5,0,0,15,0,0,2,0,5,0.219,32,7,1,0,2,5,0,0,0,6,0,6,0,0,2,6,6,3,0,0,6,0,0,1,0,"Baltimore","Post-breeding Migratory",39.2908816,-76.610759,"In Range"
"119",20160817,"2016","08","17","Wed","N","BAL12","Loss","BOS","Home",1,0.174,23,4,1,0,1,1,0,0,0,0,0,4,0,0,0,4,2,8,0,0,10,0,0,0,0,8,0.433,30,13,3,0,2,8,0,0,1,2,0,4,1,0,0,7,1,1,0,0,4,1,0,0,0,"Baltimore","Post-breeding Migratory",39.2908816,-76.610759,"In Range"
"120",20160818,"2016","08","18","Thu","N","BAL12","Win","HOU","Home",13,0.45,40,18,2,1,6,13,0,1,0,1,0,5,0,0,1,5,3,4,0,0,6,1,0,0,0,5,0.206,34,7,1,0,2,5,0,0,0,1,0,11,0,0,0,3,4,13,0,0,13,0,0,1,0,"Baltimore","Post-breeding Migratory",39.2908816,-76.610759,"In Range"
"121",20160819,"2016","08","19","Fri","N","BAL12","Loss","HOU","Home",8,0.27,37,10,0,0,5,7,0,0,0,2,0,8,0,0,0,4,5,15,0,0,12,0,0,1,0,15,0.419,43,18,4,0,4,15,0,0,1,5,0,12,1,1,1,7,4,7,1,0,6,1,1,0,0,"Baltimore","Post-breeding Migratory",39.2908816,-76.610759,"In Range"
"122",20160820,"2016","08","20","Sat","N","BAL12","Loss","HOU","Home",2,0.2,35,7,1,0,2,2,0,0,0,2,0,9,0,0,0,8,6,12,0,0,13,1,0,3,0,12,0.359,39,14,5,0,3,11,0,0,1,10,0,4,0,0,3,11,3,2,1,0,8,0,1,0,0,"Baltimore","Post-breeding Migratory",39.2908816,-76.610759,"In Range"
"123",20160821,"2016","08","21","Sun","N","BAL12","Loss","HOU","Home",3,0.188,32,6,1,0,2,3,0,0,0,1,0,7,0,0,0,3,2,4,0,0,10,1,0,1,0,5,0.257,35,9,1,0,1,5,0,0,0,3,0,5,1,1,1,6,2,3,0,0,15,0,0,0,0,"Baltimore","Post-breeding Migratory",39.2908816,-76.610759,"In Range"
"124",20160822,"2016","08","22","Mon","N","BAL12","Win","WAS","Home",4,0.179,28,5,2,0,2,4,0,0,0,3,0,9,0,0,1,3,5,3,1,0,8,0,0,1,0,3,0.161,31,5,2,0,2,3,0,0,1,5,0,9,1,0,1,7,2,4,0,0,5,0,0,1,0,"Baltimore","Post-breeding Migratory",39.2908816,-76.610759,"In Range"
"125",20160823,"2016","08","23","Tue","N","BAL12","Win","WAS","Home",8,0.351,37,13,3,0,1,6,0,0,0,4,0,8,0,0,0,9,2,1,0,0,13,0,0,1,0,1,0.303,33,10,1,0,0,1,0,0,0,2,0,3,0,2,1,7,4,6,0,0,6,1,0,0,0,"Baltimore","Post-breeding Migratory",39.2908816,-76.610759,"In Range"
"126",20160824,"2016","08","24","Wed","N","WAS11","Win","WAS","Away",10,0.308,39,12,3,0,2,10,0,1,3,5,0,8,0,0,0,11,5,8,0,0,10,0,0,2,0,8,0.375,40,15,3,0,2,8,0,0,1,2,0,11,0,0,2,8,4,9,0,0,7,2,0,0,0,"Washington, DC","Post-breeding Migratory",38.8950368,-77.0365427,"In Range"
"127",20160825,"2016","08","25","Thu","N","WAS11","Loss","WAS","Away",0,0.1,30,3,2,0,0,0,0,0,0,0,0,10,1,0,0,3,3,4,0,0,5,0,0,0,0,4,0.294,34,10,3,0,1,4,0,0,0,0,0,6,2,0,0,6,2,0,0,0,7,0,0,0,0,"Washington, DC","Post-breeding Migratory",38.8950368,-77.0365427,"In Range"
"128",20160826,"2016","08","26","Fri","N","NYC21","Loss","NYA","Away",4,0.206,34,7,1,0,2,4,0,0,0,1,0,7,0,0,0,4,3,13,0,0,9,3,0,1,0,14,0.429,42,18,3,0,3,14,0,0,0,2,0,4,0,0,1,6,4,4,0,0,13,1,0,0,0,"Buffalo","Post-breeding Migratory",42.8867166,-78.8783922,"In Range"
"129",20160827,"2016","08","27","Sat","D","NYC21","Loss","NYA","Away",5,0.316,38,12,2,0,3,5,0,0,1,2,0,8,0,1,0,9,5,13,0,0,5,0,0,0,0,13,0.429,42,18,3,0,3,12,0,0,2,7,0,11,2,0,0,14,5,5,0,0,7,0,0,0,0,"Buffalo","Post-breeding Migratory",42.8867166,-78.8783922,"In Range"
"130",20160828,"2016","08","28","Sun","D","NYC21","Win","NYA","Away",5,0.278,36,10,1,0,2,5,0,0,0,3,0,9,0,0,1,7,3,0,0,0,12,0,0,0,0,0,0.235,34,8,2,0,0,0,0,0,0,0,0,10,1,0,0,7,4,5,0,0,10,0,0,1,0,"Buffalo","Post-breeding Migratory",42.8867166,-78.8783922,"In Range"
"131",20160829,"2016","08","29","Mon","N","BAL12","Loss","TOR","Home",1,0.133,30,4,0,0,1,1,0,0,1,1,0,7,0,0,0,4,3,5,0,0,11,0,0,0,0,5,0.212,33,7,0,0,2,5,0,0,0,4,0,11,0,0,0,5,3,1,0,0,5,0,0,1,0,"Baltimore","Post-breeding Migratory",39.2908816,-76.610759,"In Range"
"132",20160830,"2016","08","30","Tue","N","BAL12","Win","TOR","Home",5,0.226,31,7,1,0,3,5,0,0,1,3,0,5,0,0,0,6,3,3,0,0,12,1,0,2,0,3,0.219,32,7,1,0,1,3,0,0,0,2,0,5,1,0,2,4,3,5,0,0,6,0,0,0,0,"Baltimore","Post-breeding Migratory",39.2908816,-76.610759,"In Range"
"133",20160831,"2016","08","31","Wed","N","BAL12","Loss","TOR","Home",3,0.229,35,8,0,0,1,2,0,0,0,4,0,4,0,0,1,9,4,5,1,0,13,0,0,3,0,5,0.273,33,9,1,0,3,5,0,0,0,2,1,8,0,0,3,3,5,2,0,0,13,1,0,1,0,"Baltimore","Post-breeding Migratory",39.2908816,-76.610759,"In Range"
"134",20160902,"2016","09","02","Fri","N","BAL12","Win","NYA","Home",8,0.294,34,10,3,0,4,8,0,0,0,3,0,11,0,0,0,5,4,0,0,0,10,0,0,0,0,0,0.071,28,2,0,0,0,0,0,0,0,4,0,7,0,0,0,5,6,8,1,0,7,0,0,0,0,"Baltimore","Post-breeding Migratory",39.2908816,-76.610759,"In Range"
"135",20160903,"2016","09","03","Sat","N","BAL12","Win","NYA","Home",2,0.267,30,8,3,0,1,1,0,0,0,5,0,5,0,0,2,9,4,0,0,0,12,0,0,2,0,0,0.138,29,4,0,0,0,0,0,0,1,2,0,10,0,0,2,5,3,1,1,0,10,1,0,2,0,"Baltimore","Post-breeding Migratory",39.2908816,-76.610759,"In Range"
"136",20160904,"2016","09","04","Sun","D","BAL12","Loss","NYA","Home",2,0.182,33,6,1,0,0,2,0,0,1,4,0,10,0,0,0,9,4,4,2,0,13,1,0,3,0,5,0.241,29,7,0,0,0,5,1,1,0,7,0,6,0,0,3,6,6,2,1,0,9,0,0,0,0,"Baltimore","Post-breeding Migratory",39.2908816,-76.610759,"In Range"
"137",20160905,"2016","09","05","Mon","D","STP01","Win","TBA","Away",7,0.25,36,9,2,0,1,6,0,0,0,2,0,10,1,0,0,4,1,3,0,0,8,0,0,0,0,3,0.069,29,2,0,0,1,3,0,0,1,1,0,6,2,0,0,1,3,7,2,0,7,1,0,0,0,"Tampa","Post-breeding Migratory",27.9477595,-82.458444,"Out of Range"
"138",20160906,"2016","09","06","Tue","N","STP01","Win","TBA","Away",11,0.333,42,14,3,0,3,10,0,0,1,6,0,7,0,0,0,11,5,1,0,0,8,1,0,1,0,2,0.229,35,8,2,0,1,1,0,0,0,2,0,7,1,0,1,8,5,10,0,0,8,1,0,0,0,"Tampa","Post-breeding Migratory",27.9477595,-82.458444,"Out of Range"
"139",20160907,"2016","09","07","Wed","D","STP01","Loss","TBA","Away",6,0.286,35,10,2,0,1,5,1,1,0,4,0,7,0,0,0,8,6,7,0,0,5,0,0,0,0,7,0.351,37,13,1,0,2,7,0,0,0,4,0,15,0,0,0,10,6,5,2,0,7,1,1,0,0,"Tampa","Post-breeding Migratory",27.9477595,-82.458444,"Out of Range"
"140",20160909,"2016","09","09","Fri","N","DET05","Loss","DET","Away",3,0.161,31,5,2,0,1,3,0,0,1,1,0,7,0,0,1,3,3,4,0,0,6,0,0,2,0,4,0.3,30,9,1,0,1,4,0,0,1,3,1,10,1,1,1,6,3,3,0,0,12,0,0,1,0,"Detroit","Post-breeding Migratory",42.3315509,-83.0466403,"In Range"
"141",20160910,"2016","09","10","Sat","N","DET05","Win","DET","Away",11,0.308,39,12,2,0,4,10,0,0,0,7,0,9,0,0,0,8,3,3,0,0,15,0,0,0,0,3,0.229,35,8,2,0,0,3,0,0,0,4,0,6,1,0,0,9,6,11,1,0,9,0,0,0,0,"Detroit","Post-breeding Migratory",42.3315509,-83.0466403,"In Range"
"142",20160911,"2016","09","11","Sun","D","DET05","Win","DET","Away",3,0.258,31,8,2,1,2,3,1,0,0,5,0,9,0,1,1,7,4,1,0,0,10,0,0,1,0,1,0.161,31,5,2,0,0,1,0,0,1,3,0,6,0,0,1,7,5,3,0,0,9,0,0,1,0,"Detroit","Post-breeding Migratory",42.3315509,-83.0466403,"In Range"
"143",20160912,"2016","09","12","Mon","N","BOS07","Loss","BOS","Away",2,0.069,29,2,0,0,2,2,0,0,0,1,0,9,0,0,1,1,5,12,0,0,8,1,0,1,0,12,0.432,37,16,3,0,3,11,0,2,0,3,0,7,0,1,1,6,2,2,0,0,11,1,0,1,0,"Boston","Post-breeding Migratory",42.3554334,-71.060511,"In Range"
"144",20160913,"2016","09","13","Tue","N","BOS07","Win","BOS","Away",6,0.257,35,9,0,0,3,6,0,0,0,6,0,10,1,0,1,8,5,3,0,0,8,1,0,1,0,3,0.257,35,9,2,0,1,3,0,0,0,4,0,6,0,0,1,9,7,6,0,0,8,0,0,1,0,"Boston","Post-breeding Migratory",42.3554334,-71.060511,"In Range"
"145",20160914,"2016","09","14","Wed","N","BOS07","Win","BOS","Away",1,0.161,31,5,0,0,1,1,0,0,0,0,0,6,0,0,0,3,2,0,0,0,11,1,0,1,0,0,0.129,31,4,0,0,0,0,0,0,0,1,0,7,0,0,1,5,2,1,0,0,9,0,0,1,0,"Boston","Post-breeding Migratory",42.3554334,-71.060511,"In Range"
"146",20160915,"2016","09","15","Thu","N","BAL12","Loss","TBA","Home",6,0.25,36,9,3,0,0,6,0,0,0,5,0,8,0,0,1,8,6,7,0,0,6,0,0,1,0,7,0.316,38,12,4,0,1,7,0,0,0,3,0,13,1,0,1,7,6,6,0,0,14,1,0,1,0,"Baltimore","Post-breeding Migratory",39.2908816,-76.610759,"In Range"
"147",20160916,"2016","09","16","Fri","N","BAL12","Win","TBA","Home",5,0.281,32,9,0,0,2,5,0,1,2,3,0,7,0,0,2,9,3,4,0,0,13,1,0,1,0,4,0.286,35,10,2,0,2,4,0,0,0,0,0,8,0,1,1,4,4,5,0,0,8,2,0,2,0,"Baltimore","Post-breeding Migratory",39.2908816,-76.610759,"In Range"
"148",20160917,"2016","09","17","Sat","N","BAL12","Loss","TBA","Home",2,0.233,30,7,1,0,0,2,0,2,0,1,0,4,0,0,2,4,5,3,1,0,4,1,0,0,0,5,0.176,34,6,1,1,1,5,0,0,2,2,0,7,0,0,0,6,4,2,0,0,13,0,0,2,0,"Baltimore","Post-breeding Migratory",39.2908816,-76.610759,"In Range"
"149",20160918,"2016","09","18","Sun","D","BAL12","Win","TBA","Home",2,0.25,32,8,1,0,2,2,1,0,0,1,0,6,0,0,0,8,6,1,1,0,12,0,0,2,0,1,0.194,31,6,0,0,1,1,0,0,1,3,0,11,1,1,1,7,4,2,1,0,6,1,0,0,0,"Baltimore","Post-breeding Migratory",39.2908816,-76.610759,"In Range"
"150",20160919,"2016","09","19","Mon","N","BAL12","Loss","BOS","Home",2,0.129,31,4,1,0,1,2,0,0,1,0,0,7,0,0,0,3,5,5,0,0,10,1,0,2,0,5,0.265,34,9,1,0,2,5,0,0,1,2,0,4,1,1,2,5,1,2,0,0,8,0,0,0,0,"Baltimore","Post-breeding Migratory",39.2908816,-76.610759,"In Range"
"151",20160920,"2016","09","20","Tue","N","BAL12","Loss","BOS","Home",2,0.182,33,6,1,0,1,2,0,0,0,2,0,9,0,0,0,6,5,5,1,0,7,0,0,0,0,5,0.289,38,11,1,0,2,5,0,0,0,1,0,8,0,0,0,7,5,2,0,0,5,0,0,0,0,"Baltimore","Post-breeding Migratory",39.2908816,-76.610759,"In Range"
"152",20160921,"2016","09","21","Wed","N","BAL12","Loss","BOS","Home",1,0.133,30,4,0,0,0,1,1,1,0,2,0,6,0,0,0,6,5,0,0,0,12,3,0,1,0,5,0.188,32,6,0,0,1,3,0,0,0,4,0,10,1,0,1,5,4,1,0,0,9,0,0,0,0,"Baltimore","Post-breeding Migratory",39.2908816,-76.610759,"In Range"
"153",20160922,"2016","09","22","Thu","N","BAL12","Loss","BOS","Home",3,0.182,33,6,1,0,1,3,0,0,1,2,0,9,0,0,0,6,6,5,2,0,14,1,0,1,0,5,0.265,34,9,0,1,1,5,1,0,0,7,0,8,0,0,1,10,3,3,0,0,9,0,0,0,0,"Baltimore","Post-breeding Migratory",39.2908816,-76.610759,"In Range"
"154",20160923,"2016","09","23","Fri","N","BAL12","Win","ARI","Home",3,0.22,41,9,1,0,3,3,2,0,1,6,1,8,0,0,0,14,7,2,0,0,13,0,0,1,0,2,0.209,43,9,4,0,0,2,0,0,0,2,0,13,0,0,1,7,8,3,1,0,9,2,0,0,0,"Baltimore","Post-breeding Migratory",39.2908816,-76.610759,"In Range"
"155",20160924,"2016","09","24","Sat","N","BAL12","Win","ARI","Home",6,0.312,32,10,2,0,2,6,0,1,1,4,1,8,0,0,2,8,2,1,0,0,9,0,0,0,0,1,0.206,34,7,2,0,0,1,0,0,0,0,0,11,0,0,0,6,4,5,1,0,12,2,0,2,0,"Baltimore","Post-breeding Migratory",39.2908816,-76.610759,"In Range"
"156",20160925,"2016","09","25","Sun","D","BAL12","Win","ARI","Home",2,0.179,28,5,1,0,1,2,0,0,0,3,0,10,0,0,2,5,4,1,0,0,11,1,0,0,0,1,0.129,31,4,1,0,0,1,0,0,2,2,0,11,2,0,0,7,2,2,0,0,10,1,0,2,0,"Baltimore","Post-breeding Migratory",39.2908816,-76.610759,"In Range"
"157",20160927,"2016","09","27","Tue","N","TOR02","Loss","TOR","Away",1,0.235,34,8,1,0,0,1,0,0,0,3,0,12,0,0,1,9,3,4,0,0,14,1,0,2,0,5,0.3,30,9,2,0,2,4,1,0,0,3,0,6,0,0,2,5,3,1,0,0,8,0,0,1,0,"Toronto","Post-breeding Migratory",43.6534817,-79.3839347,"In Range"
"158",20160928,"2016","09","28","Wed","N","TOR02","Win","TOR","Away",3,0.297,37,11,1,0,2,3,0,0,0,1,0,13,1,0,1,8,5,1,0,0,13,2,0,2,0,2,0.207,29,6,2,0,0,2,0,2,2,4,0,7,0,1,1,8,4,3,0,0,10,0,0,1,0,"Toronto","Post-breeding Migratory",43.6534817,-79.3839347,"In Range"
"159",20160929,"2016","09","29","Thu","N","TOR02","Win","TOR","Away",4,0.257,35,9,2,0,0,4,0,1,0,2,0,7,1,0,0,7,3,0,0,1,12,0,0,1,0,0,0.107,28,3,1,0,0,0,1,0,0,3,0,8,1,0,1,5,3,4,0,0,11,0,0,0,0,"Toronto","Post-breeding Migratory",43.6534817,-79.3839347,"In Range"
"160",20160930,"2016","09","30","Fri","N","NYC21","Win","NYA","Away",8,0.263,38,10,2,0,3,8,0,0,0,8,0,9,0,0,0,11,4,1,0,0,7,1,0,0,0,1,0.107,28,3,0,0,0,1,0,1,0,6,0,7,1,1,0,8,5,8,0,0,6,1,0,0,0,"Buffalo","Post-breeding Migratory",42.8867166,-78.8783922,"In Range"
"161",20161001,"2016","10","01","Sat","D","NYC21","Loss","NYA","Away",3,0.265,34,9,1,0,1,3,0,0,0,4,0,6,0,0,1,8,5,7,1,0,5,0,0,2,0,7,0.353,34,12,4,0,1,7,0,0,0,4,0,10,1,0,1,7,6,3,0,0,5,0,0,1,0,"Buffalo","Post-breeding Migratory",42.8867166,-78.8783922,"In Range"
"162",20161002,"2016","10","02","Sun","D","NYC21","Win","NYA","Away",5,0.226,31,7,1,0,2,5,0,1,0,1,0,8,0,2,0,1,2,2,0,0,13,0,0,1,0,2,0.278,36,10,0,0,1,2,0,0,0,1,0,6,0,0,1,8,5,5,0,0,10,0,0,0,0,"Buffalo","Post-breeding Migratory",42.8867166,-78.8783922,"In Range"
